股票代码,股票名称,日期,总分,蓄势分,平衡分,动量分,买点类型,蓄势等级,动量等级,ratio_d20,ratio_d1,volume_ratio,fz_ratio,instant_deviation,rising_days,falling_days
002557,洽洽食品,2026-03-03,75.0,75.0,40.0,30.0,左侧,A,,0.005709266578831753,0.00574204946996462,0.7513885711993906,1.8571428571428572,-0.5519999999999996,7,13
000035,中国天楹,2026-03-03,60.0,0.0,0.0,60.0,右侧,,,0.15603799185888742,0.18488745980707402,6.063085945601279,1.375,1.1079999999999997,8,11
000905,厦门港务,2026-03-03,60.0,0.0,0.0,60.0,右侧,,,0.037708484408991993,0.03918613413715144,2.8372647029279414,0.6666666666666666,1.0874999999999986,12,8
000983,山西焦煤,2026-03-03,60.0,0.0,0.0,60.0,右侧,,,0.1018518518518518,0.11340206185567003,2.0540910133000954,0.6666666666666666,0.4560000000000004,12,8
600525,ST长园,2026-03-03,60.0,0.0,0.0,60.0,右侧,,,0.07428571428571422,0.08024691358024684,3.0539255350066856,1.0,0.5069999999999997,10,10
920263,中航泰达,2026-03-03,60.0,0.0,0.0,60.0,右侧,,,0.04568165596002859,0.047868362004487706,3.7080848701057407,1.0,0.8305000000000007,10,10
300251,光线传媒,2026-03-03,55.0,55.0,40.0,30.0,,,,0.007847533632287027,0.007909604519774044,0.6639650612654429,0.8181818181818182,-2.9815000000000005,11,9
03750,宁德时代,2026-03-03,55.0,55.0,40.0,30.0,,,,0.006160164271047228,0.006198347107438017,0.7137031797912667,1.2222222222222223,-16.94999999999999,9,11
002155,湖南黄金,2026-03-03,50.0,0.0,0.0,50.0,右侧,,,0.3166175024582104,0.46330935251798555,1.8124170051428434,0.8181818181818182,5.966000000000001,11,9
300139,晓程科技,2026-03-03,50.0,0.0,0.0,50.0,右侧,,,0.28221083455344065,0.3931667516573176,1.6019777562446504,0.5384615384615384,16.92049999999999,13,7
02899,紫金矿业,2026-03-03,40.0,40.0,40.0,30.0,,,,-0.0041647385469689895,-0.004147465437788012,0.9331401527406807,0.8181818181818182,0.23999999999999488,11,9
300058,蓝色光标,2026-03-03,35.0,35.0,0.0,-10.0,,,,-0.3544844417327638,-0.26171171171171165,0.6645472831558804,2.3333333333333335,-3.3865000000000016,6,14
600838,上海九百,2026-03-03,35.0,35.0,0.0,-10.0,,,,-0.2719465648854961,-0.21380345086271565,0.6182786317144014,2.1666666666666665,-1.2829999999999995,6,13
603667,五洲新春,2026-03-03,35.0,35.0,0.0,-10.0,,,,-0.15024458420684836,-0.13061968408262456,0.7111180816409675,1.5,-10.224000000000004,8,12
000533,顺钠股份,2026-03-03,30.0,0.0,0.0,30.0,,,,0.18515205724508052,0.2272228320526894,1.0199633565317714,1.2222222222222223,0.4734999999999996,9,11
000709,河钢股份,2026-03-03,30.0,0.0,0.0,30.0,,,,0.03831417624521077,0.039840637450199244,1.0802516053122602,0.8181818181818182,0.08699999999999974,11,9
002271,东方雨虹,2026-03-03,30.0,0.0,0.0,30.0,,,,0.05337078651685389,0.05637982195845693,1.1483878581283857,1.2222222222222223,0.09950000000000259,9,11
002364,中恒电气,2026-03-03,30.0,0.0,0.0,30.0,,,,0.02306014334683708,0.02360446570972893,1.277372683820007,0.7272727272727273,-0.6460000000000008,11,8
002506,协鑫集成,2026-03-03,30.0,30.0,0.0,30.0,,,,0.28488372093023256,0.39837398373983746,0.585887383713525,0.46153846153846156,0.7870000000000008,13,6
300750,宁德时代,2026-03-03,30.0,20.0,20.0,30.0,,,,0.013572819484407288,0.013759575721862158,1.2548798881287964,1.2222222222222223,-11.164000000000044,9,11
301275,汉朔科技,2026-03-03,30.0,30.0,0.0,-10.0,,,,-0.2077669902912622,-0.17202572347266884,1.020798342854998,2.8,-6.438499999999998,5,14
600875,东方电气,2026-03-03,30.0,0.0,0.0,30.0,,,,0.23877202956225124,0.3136669156086631,1.326720622474398,1.0,5.0014999999999965,10,10
600966,博汇纸业,2026-03-03,30.0,0.0,0.0,30.0,,,,0.11515151515151517,0.13013698630136988,1.0142498943531797,0.5384615384615384,0.41499999999999915,13,7
601231,环旭电子,2026-03-03,30.0,0.0,0.0,30.0,,,,0.2569986232216612,0.34589252625077194,0.982931500007356,0.8181818181818182,5.0625,11,9
601636,旗滨集团,2026-03-03,30.0,0.0,0.0,30.0,,,,0.028011204481792618,0.028818443804034477,0.8876092947553313,0.5833333333333334,-0.10850000000000026,12,7
688291,金橙子,2026-03-03,30.0,20.0,0.0,30.0,,,,-0.06632016632016627,-0.062195359719243476,1.078178915967193,1.5,0.23450000000000415,8,12
03690,美团-W,2026-03-03,30.0,30.0,0.0,-10.0,,,,-0.3165895571711829,-0.24046184738955814,1.3816553351090994,4.0,-12.532499999999999,4,16
000651,格力电器,2026-03-03,20.0,20.0,0.0,-10.0,,,,-0.04906983014289547,-0.04677460806990474,1.1306881251299516,1.8571428571428572,-1.2734999999999985,7,13
002050,三花智控,2026-03-03,20.0,20.0,0.0,-10.0,,,,-0.12215543151567207,-0.10885785345322373,1.127367710115344,1.5,-4.811499999999995,8,12
002230,科大讯飞,2026-03-03,20.0,20.0,0.0,-10.0,,,,-0.11505273250239693,-0.10318142734307825,0.8875306683499339,1.8571428571428572,-4.579999999999998,7,13
002709,天赐材料,2026-03-03,20.0,20.0,0.0,-10.0,,,,-0.0241260462826195,-0.0235576923076924,0.9740553073614825,1.5,-0.9135000000000062,8,12
300223,北京君正,2026-03-03,20.0,20.0,0.0,-10.0,,,,-0.17714140902179423,-0.15048439181916037,1.0254904726480114,1.5,-12.790999999999997,8,12
600570,恒生电子,2026-03-03,20.0,20.0,0.0,-10.0,,,,-0.17991329479768775,-0.15248009797917936,1.3433352748240424,2.1666666666666665,-2.7844999999999978,6,13
603583,捷昌驱动,2026-03-03,20.0,20.0,0.0,-10.0,,,,-0.11014744145706837,-0.09921874999999988,1.069682675183068,1.8571428571428572,-2.4254999999999924,7,13
688066,航天宏图,2026-03-03,20.0,20.0,0.0,-10.0,,,,-0.693388429752066,-0.40946803318692043,1.0504312938977391,2.3333333333333335,-3.5444999999999993,6,14
688114,华大智造,2026-03-03,20.0,20.0,0.0,-10.0,,,,-0.15781303897895824,-0.13630269626098612,1.4936680330361476,1.5,-7.666499999999992,8,12
688795,摩尔线程-U,2026-03-03,20.0,20.0,0.0,-10.0,,,,-0.10599196200219216,-0.0958342968517723,1.394241566250247,1.5,-28.39949999999999,8,12
00700,腾讯控股,2026-03-03,20.0,20.0,0.0,-10.0,,,,-0.18707149853085211,-0.15759075907590758,0.9350868448699149,1.8571428571428572,-39.325000000000045,7,13
00981,中芯国际,2026-03-03,20.0,20.0,0.0,10.0,,,,-0.26858513189448435,-0.21172022684310016,1.569079701556649,1.8571428571428572,-7.885000000000005,7,13
01810,小米集团-W,2026-03-03,20.0,20.0,0.0,10.0,,,,-0.17226092463584564,-0.1469475958941114,1.9013177315059395,1.5,-3.882000000000005,8,12
09988,阿里巴巴-W,2026-03-03,20.0,20.0,0.0,-10.0,,,,-0.22626112759643915,-0.18451300665456744,1.3017908163545289,2.3333333333333335,-21.345,6,14
000558,天府文旅,2026-03-03,15.0,15.0,0.0,-10.0,,,,-0.12050739957716688,-0.10754716981132065,0.7523302475457239,0.9,-0.5254999999999992,10,9
603103,横店影视,2026-03-03,15.0,15.0,0.0,-10.0,,,,0.17384173841738426,0.21042183622828795,0.7369809873040686,0.6666666666666666,-4.900999999999996,12,8
688498,源杰科技,2026-03-03,15.0,0.0,0.0,15.0,,,,0.06628571428571428,0.07099143206854346,1.1545759241729385,0.6666666666666666,83.79999999999995,12,8
300699,光威复材,2026-03-03,10.0,0.0,0.0,10.0,,,,-0.17916207276736493,-0.15194015895278168,1.6770561326896722,1.2222222222222223,-3.641999999999996,9,11
000721,西安饮食,2026-03-03,0.0,0.0,0.0,-10.0,,,,-0.10722891566265044,-0.09684439608269846,0.8158061962040557,1.0,-0.6074999999999999,10,10
002171,楚江新材,2026-03-03,0.0,0.0,0.0,-10.0,,,,-0.11128404669260698,-0.10014005602240895,1.305223284237178,1.2222222222222223,-0.3435000000000006,9,11
002202,金风科技,2026-03-03,0.0,0.0,0.0,-10.0,,,,-0.08583364982909235,-0.07904861839804132,1.0426635699506717,1.2222222222222223,-0.25349999999999895,9,11
300705,九典制药,2026-03-03,0.0,0.0,0.0,-10.0,,,,-0.06469002695417796,-0.06075949367088613,1.3656737719968215,1.2222222222222223,-0.5840000000000014,9,11
300919,中伟新材,2026-03-03,0.0,0.0,0.0,-10.0,,,,-0.060211400528501414,-0.056791881787431095,0.9757380369526042,1.0,-1.4239999999999995,10,10
600105,永鼎股份,2026-03-03,0.0,0.0,0.0,-10.0,,,,0.04106104651162787,0.0428192497158014,1.31146307480376,0.6666666666666666,-0.036999999999999034,12,8
600307,酒钢宏兴,2026-03-03,0.0,0.0,0.0,-10.0,,,,-0.06951871657754005,-0.06499999999999995,0.9374524044728002,1.1111111111111112,-0.02400000000000002,9,10
601138,工业富联,2026-03-03,0.0,0.0,0.0,-10.0,,,,-0.11096938775510197,-0.09988518943742819,1.2555570218356535,0.8181818181818182,-1.3089999999999975,11,9
603933,睿能科技,2026-03-03,0.0,0.0,0.0,-10.0,,,,-0.10955710955710962,-0.09873949579831938,1.1567536051288405,0.9,-1.6814999999999998,10,9
688256,寒武纪-U,2026-03-03,0.0,0.0,0.0,-10.0,,,,-0.14813115043466762,-0.1290193636664131,0.8333111197847449,1.0,-14.631000000000085,10,10
688981,中芯国际,2026-03-03,0.0,0.0,0.0,-10.0,,,,-0.14532360816175788,-0.1268843208383716,1.2034463242055438,1.0,-8.414500000000004,10,10
02269,药明生物,2026-03-03,0.0,0.0,0.0,-10.0,,,,-0.06756756756756757,-0.06329113924050633,0.8641540572980222,1.0,-1.9699999999999989,10,10
02565,派格生物医药-B,2026-03-03,0.0,0.0,0.0,-10.0,,,,-0.08048780487804882,-0.07449209932279914,1.4329186909401528,1.2222222222222223,-2.207499999999996,9,11
